iso3,year,gni_per_capita_usd
USA,2025,88810
CAN,2025,56420
MEX,2025,13730
BRA,2025,10550
ARG,2025,14650
COL,2025,7900
CHL,2025,16960
PER,2025,8430
GBR,2025,54550
IRL,2025,87360
FRA,2025,48630
DEU,2025,60200
ITA,2025,42080
ESP,2025,37120
PRT,2025,29930
NLD,2025,68530
SWE,2025,63010
NOR,2025,97310
CHE,2025,110330
POL,2025,25520
UKR,2025,5510
TUR,2025,16300
ISR,2025,56180
SAU,2025,36070
ARE,2024,51550
EGY,2025,3260
MAR,2025,4360
NGA,2025,1360
GHA,2025,2630
KEN,2025,2200
ETH,2025,1110
ZAF,2025,6270
TZA,2025,1270
ZWE,2025,2660
IND,2025,2760
PAK,2025,1500
BGD,2025,2840
LKA,2025,4670
NPL,2025,1570
CHN,2025,14230
JPN,2025,38340
KOR,2025,37880
IDN,2025,5120
PHL,2025,4850
VNM,2025,4970
THA,2025,7690
MYS,2025,12380
SGP,2025,81760
AUS,2025,64120
NZL,2025,46630
